100200,Savanah Costa,649-186-5634
101217,Beckham Faulkner,519-465-2368
104490,Drew Santana,162-716-8740
107081,Jaxon Huerta,300-410-5380
108974,Jessie Thornton,815-251-8294
109300,Abril Weaver,156-701-1950
110334,Miley Barron,789-251-2942
110587,Braylon Munoz,490-661-1395
111198,Madilyn Watts,967-870-9143
113544,Julie Beasley,603-678-8325
113810,Rashad Davila,994-616-7568
117776,Taylor Snyder,799-564-7321
118594,Aria Rivera,621-951-5581
122212,Ezekiel Mcclure,674-896-2386
123157,Jaiden Hunt,654-701-9861
126402,Brett Holt,596-160-7208
127723,Sheldon Jenkins,794-335-8265
128576,Kallie Mccormick,360-587-4835
128828,Macy Palmer,434-955-3937
131821,Lailah Brown,928-470-7337
134382,Tyler Guerrero,985-736-7920
135707,Julien Newman,191-956-5579
138507,Donavan Castaneda,649-440-1580
142286,Scarlett Cordova,681-837-1811
143480,Elaine Pacheco,790-421-1142
146109,Ayla Tanner,679-979-9395
149059,Brogan Harper,145-996-5466
149544,Patience Harvey,695-310-5685
150224,Genevieve Proctor,382-848-8211
152432,Isabela Sampson,381-267-1210
156028,Franklin Keith,928-127-9851
157705,Francisco Hudson,256-543-3447
158415,Rosemary Savage,696-844-6809
161616,Aliza Petersen,760-252-8433
164298,Natalee Hogan,628-274-6165
164678,Kaley Colon,842-789-3635
167343,Kaleb Pace,552-295-8111
168898,Zaiden Hayden,387-564-8699
171449,Alana Buck,694-618-4779
174270,Madeline Young,351-366-3165